{"cameraMode":{"drawMode":0,"name":"Shaded","section":"Shading Mode"},"sceneLighting":true,"audioPlay":false,"sceneViewState":{"m_AlwaysRefresh":false,"showFog":true,"showSkybox":true,"showFlares":true,"showImageEffects":true,"showParticleSystems":true,"showVisualEffectGraphs":true,"m_FxEnabled":true},"in2DMode":false,"pivot":{"x":9.397540092468262,"y":-2.6873979568481447,"z":1.0112295150756837},"rotation":{"x":0.028617486357688905,"y":-0.9594716429710388,"z":0.2596733272075653,"w":0.10576818883419037},"size":6.087528705596924,"orthographic":false}